{"AD": {"lstm_enc_dec": {"test mae": 3.793791606929395e-06, "test corr": 0.22283311156802932, "test acc": 0.5311926416300604}, "gru_enc_dec": {"test mae": 2.9555942908452626e-06, "test corr": 0.2810443318975408, "test acc": 0.5669223947699479}, "imv1": {"test mae": 2.487138604208113e-06, "test corr": 0.4560697683151808, "test acc": 0.6195425766668728}, "imv2": {"test mae": 9.408059646634307e-06, "test corr": 0.22171171518705046, "test acc": 0.48032543463465943}, "tcn1": {"test mae": 2.947500658849648e-06, "test corr": 0.18740499209860775, "test acc": 0.5235620449998969}, "tcn2": {"test mae": 2.7333652303740936e-06, "test corr": 0.15315080697528824, "test acc": 0.5265111674812843}, "tcn3": {"test mae": 3.2866072574542637e-06, "test corr": 0.19019690658077745, "test acc": 0.5077749592691125}, "resnet1": {"test mae": 4.433257382747743e-06, "test corr": 0.22222407301155536, "test acc": 0.5602714017612243}, "resnet2": {"test mae": 4.023556713987504e-06, "test corr": 0.08563511308836419, "test acc": 0.5035987543566582}, "oscnn1": {"test mae": 2.7654233791210516e-06, "test corr": -0.00674365681394109, "test acc": 0.4874507620285013}, "oscnn2": {"test mae": 0.0020616203845614796, "test corr": -0.029336028821432755, "test acc": 0.48004702097382906}, "rhn": {"test mae": 3.2756043640032795e-06, "test corr": 0.17569203280656875, "test acc": 0.5599517416321228}, "nbeats1": {"test mae": 1.1371835336665919e-05, "test corr": -0.003819930153677639, "test acc": 0.5140856689145993}, "nbeats2": {"test mae": 2.741254789103737e-06, "test corr": -0.008092776115092314, "test acc": 0.492101301326074}, "gmlp1": {"test mae": 3.419457044965887e-06, "test corr": 0.04225266623438766, "test acc": 0.5095898038730434}, "gmlp2": {"test mae": 3.3116315811057286e-06, "test corr": 0.013525459286409846, "test acc": 0.5066509930087236}, "transformer": {"test mae": 2.7803804252593536e-06, "test corr": 0.014867582183158945, "test acc": 0.5141372269999381}}, "BP": {"lstm_enc_dec": {"test mae": 2.8137912681437933e-06, "test corr": 0.23515541903263346, "test acc": 0.5661289974304161}, "gru_enc_dec": {"test mae": 2.7578541465424473e-06, "test corr": 0.30104156767443246, "test acc": 0.5735138520006046}, "imv1": {"test mae": 2.4698029137220866e-06, "test corr": 0.467841241846616, "test acc": 0.6336075662369631}, "imv2": {"test mae": 2.818362867925722e-06, "test corr": 0.268913471944861, "test acc": 0.5677160933687461}, "tcn1": {"test mae": 2.864148889085668e-06, "test corr": 0.2586376968384089, "test acc": 0.5488544838159402}, "tcn2": {"test mae": 3.069068538408362e-06, "test corr": 0.2593736470909369, "test acc": 0.5311481073611021}, "tcn3": {"test mae": 2.9860191391021957e-06, "test corr": 0.25632764962409543, "test acc": 0.5429595560450001}, "resnet1": {"test mae": 3.655438534023165e-06, "test corr": 0.12049239573919412, "test acc": 0.527930729200406}, "resnet2": {"test mae": 3.238195321113726e-06, "test corr": 0.09944739230677736, "test acc": 0.5228455442551446}, "oscnn1": {"test mae": 3.107525479900078e-06, "test corr": -0.0040394771835155574, "test acc": 0.5030230398825333}, "oscnn2": {"test mae": 1.312247595029656e-05, "test corr": 0.00909364780625114, "test acc": 0.4933385156874177}, "rhn": {"test mae": 2.7734899052210653e-06, "test corr": 0.2670388874809673, "test acc": 0.5614216924704714}, "nbeats1": {"test mae": 3.637096742862893e-06, "test corr": -0.009033636720004295, "test acc": 0.4964479281380234}, "nbeats2": {"test mae": 2.9726852122726727e-06, "test corr": 0.0023320248466275457, "test acc": 0.49670704584224046}, "gmlp1": {"test mae": 3.312897197181597e-06, "test corr": 0.020410391891851974, "test acc": 0.5050419986612252}, "gmlp2": {"test mae": 3.40089632738289e-06, "test corr": -0.009529438685980588, "test acc": 0.49819697264148904}, "transformer": {"test mae": 3.008278521142266e-06, "test corr": 0.0019698402668197742, "test acc": 0.5057545723478224}}, "BR": {"lstm_enc_dec": {"test mae": 7.679415386432776e-06, "test corr": 0.18313610449935536, "test acc": 0.5587705401795421}, "gru_enc_dec": {"test mae": 8.901528379586429e-06, "test corr": 0.14385549898088437, "test acc": 0.5484888019134594}, "imv1": {"test mae": 4.598058371216428e-06, "test corr": 0.4225292490905474, "test acc": 0.6358369831951045}, "imv2": {"test mae": 4.587503187822438e-06, "test corr": 0.46236568368293995, "test acc": 0.6196999347684279}, "tcn1": {"test mae": 4.919635845199298e-06, "test corr": 0.3662832855798835, "test acc": 0.6130835896002237}, "tcn2": {"test mae": 4.626062465582609e-06, "test corr": 0.3577746984402535, "test acc": 0.5882489982294287}, "tcn3": {"test mae": 5.573898389700714e-06, "test corr": 0.32871971538186756, "test acc": 0.5945857795172863}, "resnet1": {"test mae": 1.0839603287341301e-05, "test corr": 0.15576230546342731, "test acc": 0.5630416550181717}, "resnet2": {"test mae": 7.044021269767395e-06, "test corr": 0.19573471380720356, "test acc": 0.5650762588140279}, "oscnn1": {"test mae": 0.0013307749447579096, "test corr": -0.006529840285442044, "test acc": 0.49953406019942226}, "oscnn2": {"test mae": 2.0944321493386398e-05, "test corr": 0.004331832514541017, "test acc": 0.5055291523001895}, "rhn": {"test mae": 6.00341790924999e-06, "test corr": 0.260458444723456, "test acc": 0.5453048799428447}, "nbeats1": {"test mae": 4.6989736461000575e-05, "test corr": 0.006770894041780611, "test acc": 0.5065852825148324}, "nbeats2": {"test mae": 1.0753678736818983e-05, "test corr": -0.008857082859080047, "test acc": 0.5067561271083777}, "gmlp1": {"test mae": 2.2456402305016083e-05, "test corr": 0.05189794065060661, "test acc": 0.5102040816326531}, "gmlp2": {"test mae": 1.2753924624218729e-05, "test corr": 0.05763088129407925, "test acc": 0.5188394992700277}, "transformer": {"test mae": 5.2954144833739475e-06, "test corr": -0.003930859523210925, "test acc": 0.5052961823999006}}, "CD": {"lstm_enc_dec": {"test mae": 3.753351646755761e-05, "test corr": 0.42498916873269516, "test acc": 0.5076112893935654}, "gru_enc_dec": {"test mae": 2.7559996196512256e-05, "test corr": 0.4006359274400734, "test acc": 0.6171110013988316}, "imv1": {"test mae": 2.6109307875560448e-05, "test corr": 0.49181984323813865, "test acc": 0.6332592775446392}, "imv2": {"test mae": 2.504054861323469e-05, "test corr": 0.49384201949644685, "test acc": 0.6224183329219123}, "tcn1": {"test mae": 2.5395703497759843e-05, "test corr": 0.4480490751563508, "test acc": 0.6355632354151238}, "tcn2": {"test mae": 2.702931828039935e-05, "test corr": 0.4570652578691687, "test acc": 0.5301571628404509}, "tcn3": {"test mae": 2.6063380835149997e-05, "test corr": 0.46416395712523245, "test acc": 0.6236937381716449}, "resnet1": {"test mae": 4.247002884874846e-05, "test corr": 0.24223149737530972, "test acc": 0.537151320661565}, "resnet2": {"test mae": 3.362715909771202e-05, "test corr": 0.3331556654648146, "test acc": 0.5238829918538632}, "oscnn1": {"test mae": 2.8228923766855444e-05, "test corr": 0.3951875373356068, "test acc": 0.605940919937464}, "oscnn2": {"test mae": 3.1548563487104535e-05, "test corr": -0.0021711270622402075, "test acc": 0.49691434213774377}, "rhn": {"test mae": 2.5948448322690918e-05, "test corr": 0.41054348079961095, "test acc": 0.6120093803999013}, "nbeats1": {"test mae": 3.345397217129884e-05, "test corr": 0.3318886090256931, "test acc": 0.5866864148769851}, "nbeats2": {"test mae": 2.728942468448214e-05, "test corr": 0.40724398142370344, "test acc": 0.5947914095285115}, "gmlp1": {"test mae": 2.8930688170755355e-05, "test corr": 0.27024750358253874, "test acc": 0.5758248992018432}, "gmlp2": {"test mae": 3.0145004422492788e-05, "test corr": 0.3170955655525181, "test acc": 0.5874269727639266}, "transformer": {"test mae": 3.057397896905811e-05, "test corr": -0.014794533199510893, "test acc": 0.48728708960750433}}, "CL": {"lstm_enc_dec": {"test mae": 2.1924695691916393e-06, "test corr": 0.13510590932593758, "test acc": 0.5288838156628394}, "gru_enc_dec": {"test mae": 1.952748261399299e-06, "test corr": 0.16819439271249528,